{
  "project_info": {
    "project_number": "927605221970",
    "firebase_url": "https://jk-kts-default-rtdb.firebaseio.com",
    "project_id": "jk-kts",
    "storage_bucket": "jk-kts.appspot.com"
  },
  "client": [
    {
      "client_info": {
        "mobilesdk_app_id": "1:927605221970:android:2285229800dcdb1b9e0d8b",
        "android_client_info": {
          "package_name": "com.example.child"
        }
      },
      "oauth_client": [
        {
          "client_id": "927605221970-11198ojva16mjngigc4e4dktci05v4je.apps.googleusercontent.com",
          "client_type": 3
        }
      ],
      "api_key": [
        {
          "current_key": "AIzaSyBzU6J3mxQO4S7ny4HeSoodiQX9KU78gWs"
        }
      ],
      "services": {
        "appinvite_service": {
          "other_platform_oauth_client": [
            {
              "client_id": "927605221970-11198ojva16mjngigc4e4dktci05v4je.apps.googleusercontent.com",
              "client_type": 3
            }
          ]
        }
      }
    },
    {
      "client_info": {
        "mobilesdk_app_id": "1:927605221970:android:de5eb3a147f0511b9e0d8b",
        "android_client_info": {
          "package_name": "com.example.kts"
        }
      },
      "oauth_client": [
        {
          "client_id": "927605221970-11198ojva16mjngigc4e4dktci05v4je.apps.googleusercontent.com",
          "client_type": 3
        }
      ],
      "api_key": [
        {
          "current_key": "AIzaSyBzU6J3mxQO4S7ny4HeSoodiQX9KU78gWs"
        }
      ],
      "services": {
        "appinvite_service": {
          "other_platform_oauth_client": [
            {
              "client_id": "927605221970-11198ojva16mjngigc4e4dktci05v4je.apps.googleusercontent.com",
              "client_type": 3
            }
          ]
        }
      }
    },
    {
      "client_info": {
        "mobilesdk_app_id": "1:927605221970:android:2c0c9c84701e58499e0d8b",
        "android_client_info": {
          "package_name": "com.example.myproject"
        }
      },
      "oauth_client": [
        {
          "client_id": "927605221970-11198ojva16mjngigc4e4dktci05v4je.apps.googleusercontent.com",
          "client_type": 3
        }
      ],
      "api_key": [
        {
          "current_key": "AIzaSyBzU6J3mxQO4S7ny4HeSoodiQX9KU78gWs"
        }
      ],
      "services": {
        "appinvite_service": {
          "other_platform_oauth_client": [
            {
              "client_id": "927605221970-11198ojva16mjngigc4e4dktci05v4je.apps.googleusercontent.com",
              "client_type": 3
            }
          ]
        }
      }
    },
    {
      "client_info": {
        "mobilesdk_app_id": "1:927605221970:android:c4660f09186585c19e0d8b",
        "android_client_info": {
          "package_name": "com.example.navigatestydy"
        }
      },
      "oauth_client": [
        {
          "client_id": "927605221970-11198ojva16mjngigc4e4dktci05v4je.apps.googleusercontent.com",
          "client_type": 3
        }
      ],
      "api_key": [
        {
          "current_key": "AIzaSyBzU6J3mxQO4S7ny4HeSoodiQX9KU78gWs"
        }
      ],
      "services": {
        "appinvite_service": {
          "other_platform_oauth_client": [
            {
              "client_id": "927605221970-11198ojva16mjngigc4e4dktci05v4je.apps.googleusercontent.com",
              "client_type": 3
            }
          ]
        }
      }
    }
  ],
  "configuration_version": "1"
}